<?xml version="1.0" encoding="UTF-8"?><_ROOT_ EMVERSION="15.2" ORIENTATION="HORIZONTAL">
<Workspace>
<NODES>
<NODE CLASS="SASHELP.EMCORE.EXTENSION.CLASS" COMPONENT="DMDB" ID="DMDB" X="334" Y="228" DESCRIPTION="DMDB" DIAGRAMID="_ROOT_" PARENTID="" TOOLTYPE="EXPLORE" TOOLPREFIX="DMDB">
<PROPERTIES Location="CATALOG" Catalog="SASHELP.EMEXPL.DMDB.SOURCE" Interval="Y" Class="Y" MaxValues="25" ForceRun="N" RunAction="Train" Component="DMDB" DataNeeded="Y">
<VariableProperties/>
<EmVariableAttributes/>
<EmTargetAttributes/>
<EmFileProperties>
<USERTRAINCODE Type="EXTERNAL" Extension="sas">
<Data/>
</USERTRAINCODE>
<EMNOTES Type="EXTERNAL" Extension="txt">
<Data/>
</EMNOTES>
</EmFileProperties>
</PROPERTIES>
</NODE>
<NODE CLASS="SASHELP.EMCORE.EXTENSION.CLASS" COMPONENT="EMSave" ID="EMSave" X="525" Y="96" DESCRIPTION="Save Data" DIAGRAMID="_ROOT_" PARENTID="" TOOLTYPE="UTILITY" TOOLPREFIX="EMSave">
<PROPERTIES Location="CATALOG" Catalog="Sashelp.Emutil.Savext.Source" Type="XLSX" Replace="Y" AllObs="Y" OutObs="1000" AllRoles="Y" Train="Y" Validate="Y" Test="Y" Score="Y" Transaction="Y" ForceRun="N" RunAction="Train" Component="EMSave" Lib="" DirectorySelector="C:\Users\User\Desktop\Group Assignment WQD7005\Group Assignment" Name="">
<VariableProperties/>
<EmVariableAttributes/>
<EmTargetAttributes/>
<EmFileProperties>
<USERTRAINCODE Type="EXTERNAL" Extension="sas">
<Data/>
</USERTRAINCODE>
<EMNOTES Type="EXTERNAL" Extension="txt">
<Data/>
</EMNOTES>
</EmFileProperties>
</PROPERTIES>
</NODE>
<NODE CLASS="SASHELP.EMCORE.EXTENSION.CLASS" COMPONENT="FileImport" ID="FIMPORT" X="117" Y="97" DESCRIPTION="File Import" DIAGRAMID="_ROOT_" PARENTID="" TOOLTYPE="SAMPLE" TOOLPREFIX="FIMPORT">
<PROPERTIES Location="CATALOG" Catalog="SASHELP.EMSAMP.Fimport.SOURCE" ImportType="Local" GuessRows="500" Delimiter="," NameRow="Y" SkipRows="0" MaxRows="1000000" MaxCols="10000" FileType="xlsx" Role="TRAIN" ForceRun="N" Summarize="N" AdvancedAdvisor="N" RunAction="Train" Component="FileImport" IFileName="C:\Users\User\Desktop\Group Assignment WQD7005\Flight Price Dataset.xlsx" AccessTable="NoTableName" UserID="NoUserID" Password="NoPassword">
<VariableProperties/>
<EmVariableAttributes/>
<EmTargetAttributes/>
<EmFileProperties>
<USERTRAINCODE Type="EXTERNAL" Extension="sas">
<Data/>
</USERTRAINCODE>
<VARIABLESETDELTA Type="EXTERNAL" Extension="txt">
<Data/>
</VARIABLESETDELTA>
<DELTACODE Type="EXTERNAL" Extension="txt">
<Data/>
</DELTACODE>
<EMNOTES Type="EXTERNAL" Extension="txt">
<Data/>
</EMNOTES>
</EmFileProperties>
</PROPERTIES>
</NODE>
<NODE CLASS="SASHELP.EMSAMP.SAMPLING.CLASS" COMPONENT="Sample" ID="Smpl" X="323" Y="96" DESCRIPTION="Sample" DIAGRAMID="_ROOT_" PARENTID="" TOOLTYPE="SAMPLE" TOOLPREFIX="Smpl">
<PROPERTIES Method="DEFAULT" SizeType="NOBS" SizePercent="10" SizeObs="386" RandomSeed="12345" Alpha="0.01" Pvalue="0.01" AdjustFreq="N" FreqMiss="N" FreqCount="N" StratifyCriterion="PROPORTIONAL" MinStrataSize="6" IgnoreSmallStrata="N" ClusterMethod="RANDOM" LevelProportion="100" LevelSampleProportion="50" LevelSelection="EVENT" OutputType="DATA" IntervalDistribution="Y" ClassDistribution="Y" ForceRun="N" RunAction="Train" Component="Sample">
<VariableProperties/>
<EmVariableAttributes/>
<EmTargetAttributes/>
<EmFileProperties>
<EMNOTES Type="EXTERNAL" Extension="txt">
<Data/>
</EMNOTES>
</EmFileProperties>
</PROPERTIES>
</NODE>
<NODE CLASS="SASHELP.EMEXPL.STATEXPLORE.CLASS" COMPONENT="StatExplore" ID="Stat" X="473" Y="178" DESCRIPTION="StatExplore" DIAGRAMID="_ROOT_" PARENTID="" TOOLTYPE="EXPLORE" TOOLPREFIX="Stat">
<PROPERTIES BySegment="N" Correlation="Y" Spearman="N" Pearson="Y" ChiSquare="Y" ChiSquareInterval="N" ChiSquareIntervalNBins="5" MaximumVars="1000" HideVariable="Y" DropRejected="Y" UseValidate="N" UseTest="N" UseScore="N" NObs="100000" IntervalDistribution="Y" ClassDistribution="Y" LevelSummary="Y" ForceRun="N" RunAction="Train" Component="StatExplore">
<VariableProperties/>
<EmVariableAttributes/>
<EmTargetAttributes/>
<EmFileProperties>
<CROSSTAB Type="DATA">
<Data/>
<Metadata>
<Variable NAME="key" LABEL="" LENGTH="8" FORMAT="" TYPE="N"/>
<Variable NAME="Term" LABEL="" LENGTH="32" FORMAT="" TYPE="C"/>
</Metadata>
</CROSSTAB>
<EMNOTES Type="EXTERNAL" Extension="txt">
<Data/>
</EMNOTES>
</EmFileProperties>
</PROPERTIES>
</NODE>
</NODES>
<CONNECTIONS>
<CONNECTION FROM="FIMPORT" TO="Smpl"/>
<CONNECTION FROM="Smpl" TO="EMSave"/>
<CONNECTION FROM="Smpl" TO="Stat"/>
<CONNECTION FROM="Smpl" TO="DMDB"/>
</CONNECTIONS>
<NOTES>
<DATA><![CDATA[

]]>
</DATA>
</NOTES>
</Workspace>
</_ROOT_>
